system:index,IGBP,b0,b10,b100,b200,b30,b60,site,.geo
0000423faf8b64bcda03,ENF,63,63,69,70,65,68,FR-LBr,"{""type"":""Point"",""coordinates"":[-0.7693,44.7171]}"
0000edab0876201f3e3f,OSH,73,73,75,76,73,74,ES-LJu,"{""type"":""Point"",""coordinates"":[-2.7521,36.9266]}"
0000f965e94f3e72cbcc,OSH,64,64,68,68,64,67,ES-LgS,"{""type"":""Point"",""coordinates"":[-2.9657999999999993,37.0979]}"
00004d45dd5968d46d0d,OSH,65,65,69,70,66,68,ES-Ln2,"{""type"":""Point"",""coordinates"":[-3.4758000000000004,36.9695]}"
0000d3126d0ea0ea999d,OSH,78,78,80,80,79,80,ES-Amo,"{""type"":""Point"",""coordinates"":[-2.252299999999999,36.8336]}"
0000c3f18f1f84b28b00,SAV,56,56,56,58,55,56,SN-Dhr,"{""type"":""Point"",""coordinates"":[-15.432200000000007,15.4028]}"
000072e75b3e5ab0e431,EBF,52,52,50,50,51,51,GH-Ank,"{""type"":""Point"",""coordinates"":[-2.694200000000001,5.2684999999999995]}"
0000a080247e09febee8,EBF,69,68,69,69,69,69,FR-Pue,"{""type"":""Point"",""coordinates"":[3.5957999999999983,43.7414]}"
00000b9b6122ab8b9d44,ENF,58,58,63,63,60,61,IT-SRo,"{""type"":""Point"",""coordinates"":[10.2844,43.7279]}"
0000afd77d1e31ca12c8,ENF,53,54,58,59,56,58,IT-SR2,"{""type"":""Point"",""coordinates"":[10.291,43.732000000000006]}"
00001e30dcd1ac6dc7b0,CSH,66,67,68,68,68,68,IT-Noe,"{""type"":""Point"",""coordinates"":[8.1515,40.6061]}"
0000917f443c0f960eb1,EBF,60,61,64,65,62,63,IT-Cpz,"{""type"":""Point"",""coordinates"":[12.3761,41.7052]}"
000045d528d71df1cd39,EBF,58,58,63,63,60,62,IT-Cp2,"{""type"":""Point"",""coordinates"":[12.357299999999995,41.70429999999999]}"
000081e67206b52dd1b1,DBF,69,69,74,74,71,73,IT-CA1,"{""type"":""Point"",""coordinates"":[12.026599999999998,42.380399999999995]}"
0000c84624d7651ca2f5,CRO,73,73,76,76,74,75,IT-CA2,"{""type"":""Point"",""coordinates"":[12.026000000000003,42.3772]}"
00006acdc2f370252da7,DBF,72,72,75,76,72,74,IT-CA3,"{""type"":""Point"",""coordinates"":[12.0222,42.38]}"
0000f494963fb9e814db,DBF,67,67,72,72,69,70,IT-Ro2,"{""type"":""Point"",""coordinates"":[11.920899999999998,42.3903]}"
00004e1e8bcb86ecc72f,DBF,65,66,71,72,68,69,IT-Ro1,"{""type"":""Point"",""coordinates"":[11.93,42.4081]}"
0000cb4c1fdc5c023755,DBF,65,64,66,66,65,65,IT-Col,"{""type"":""Point"",""coordinates"":[13.5881,41.84940000000001]}"
0000a32b7d3a40b35fbf,CRO,70,70,73,74,70,71,IT-BCi,"{""type"":""Point"",""coordinates"":[14.957400000000003,40.5238]}"
000027350c546462761e,SAV,79,79,81,81,78,80,SD-Dem,"{""type"":""Point"",""coordinates"":[30.4783,13.282899999999998]}"
00007f5683b12c0e9037,DBF,54,54,55,56,54,54,ZM-Mon,"{""type"":""Point"",""coordinates"":[23.2528,-15.4378]}"
000047137e78afc1314a,SAV,52,51,52,52,51,51,CG-Tch,"{""type"":""Point"",""coordinates"":[11.6564,-4.2892]}"
0000b107de66bce8c7c0,SAV,65,65,70,71,65,69,ZA-Kru,"{""type"":""Point"",""coordinates"":[31.496900000000007,-25.0197]}"
0000e52c3081f8cf0105,ENF,73,72,77,78,74,76,AU-ASM,"{""type"":""Point"",""coordinates"":[133.249,-22.282999999999998]}"
0000fa9839a1e29b79f7,OSH,78,78,82,82,79,81,AU-TTE,"{""type"":""Point"",""coordinates"":[133.64,-22.28700000000001]}"
0000389de5d845f88b07,GRA,72,72,77,78,75,77,AU-Stp,"{""type"":""Point"",""coordinates"":[133.3502,-17.1507]}"
0000db0a06ab6ff600fa,SAV,74,74,79,79,75,77,AU-GWW,"{""type"":""Point"",""coordinates"":[120.6541,-30.191299999999988]}"
00006e638c0efb9c8a66,WSA,70,71,76,77,72,74,AU-Gin,"{""type"":""Point"",""coordinates"":[115.71380000000002,-31.376400000000004]}"
000004250f30de102e1e,SAV,63,63,70,70,66,69,AU-Dry,"{""type"":""Point"",""coordinates"":[132.3706,-15.258800000000006]}"
00009fdfa98879bbff09,WSA,70,69,72,72,70,70,AU-RDF,"{""type"":""Point"",""coordinates"":[132.4776,-14.563599999999992]}"
0000b97b730d555ecaf9,GRA,61,61,65,65,64,64,AU-DaP,"{""type"":""Point"",""coordinates"":[131.31809999999996,-14.063299999999996]}"
00005027024e12185c47,SAV,63,63,68,68,65,67,AU-DaS,"{""type"":""Point"",""coordinates"":[131.38809999999998,-14.159299999999995]}"
0000557d838ee3d63df1,WSA,63,62,64,65,62,63,AU-Ade,"{""type"":""Point"",""coordinates"":[131.1178,-13.076900000000004]}"
0000d58518c69654c754,WSA,62,61,62,62,62,61,AU-How,"{""type"":""Point"",""coordinates"":[131.1523,-12.4943]}"
000001aa37deb709687d,WET,68,68,69,69,68,67,AU-Fog,"{""type"":""Point"",""coordinates"":[131.3072,-12.5452]}"
00000dc6a8d173fb4e34,EBF,47,48,50,51,48,49,MY-PSO,"{""type"":""Point"",""coordinates"":[102.3062,2.973]}"
0000e17fc3af1c7c50e6,ENF,56,56,60,60,58,59,CN-Qia,"{""type"":""Point"",""coordinates"":[115.05809999999997,26.7414]}"
0000309c2d3308b1a282,GRA,80,81,81,83,80,81,CN-Sw2,"{""type"":""Point"",""coordinates"":[111.89709999999998,41.7902]}"
0000f668be56ee5149ad,WET,75,75,79,80,76,77,CN-Ha2,"{""type"":""Point"",""coordinates"":[101.3269,37.6086]}"
000068cab18922cadd90,GRA,65,65,68,69,65,67,CN-HaM,"{""type"":""Point"",""coordinates"":[101.18,37.36999999999999]}"
0000c458d9ea53ff9503,EBF,55,55,57,57,56,56,CN-Din,"{""type"":""Point"",""coordinates"":[112.53609999999999,23.173299999999998]}"
000043ea0dfb82d7f7f6,GRA,79,79,81,81,78,80,CN-Dan,"{""type"":""Point"",""coordinates"":[91.06639999999999,30.497799999999987]}"
000067a9f50902bc9cfd,CSH,51,51,55,58,52,54,RU-Vrk,"{""type"":""Point"",""coordinates"":[62.94049999999999,67.0547]}"
00008bb0bf4d4bd9cc61,SNO,58,58,61,62,59,60,NO-Blv,"{""type"":""Point"",""coordinates"":[11.831100000000001,78.9216]}"
0000e510c5f90ba1cd50,WET,57,57,61,61,58,59,NO-Adv,"{""type"":""Point"",""coordinates"":[15.923,78.186]}"
00003a7832d214ef1b34,WET,48,48,56,57,52,56,FI-Lom,"{""type"":""Point"",""coordinates"":[24.209199999999992,67.9972]}"
00008657a82835a8a143,ENF,48,48,56,58,51,56,FI-Sod,"{""type"":""Point"",""coordinates"":[26.6378,67.3619]}"
0000b08522f1f7a26eee,WET,,,,,,,SE-St1,"{""type"":""Point"",""coordinates"":[19.0503,68.3541]}"
0000e9a8e7b3bce9544a,CRO,58,59,60,62,59,60,DK-Fou,"{""type"":""Point"",""coordinates"":[9.587199999999998,56.48420000000001]}"
00005e4095735cef50bf,GRA,65,65,68,70,66,68,DK-Eng,"{""type"":""Point"",""coordinates"":[12.191799999999997,55.690499999999986]}"
000089bd84f68cb5c9b4,DBF,55,55,58,60,57,57,DK-Sor,"{""type"":""Point"",""coordinates"":[11.6446,55.4859]}"
000096ef9e15f299500b,ENF,43,44,55,57,50,54,FI-Let,"{""type"":""Point"",""coordinates"":[23.95970000000001,60.641799999999996]}"
000008e770525312ecf9,CRO,61,61,67,68,62,65,FI-Jok,"{""type"":""Point"",""coordinates"":[23.513500000000008,60.8986]}"
0000feb1f20cc911819e,ENF,43,43,53,54,49,52,FI-Hyy,"{""type"":""Point"",""coordinates"":[24.295,61.8475]}"
00004c4c02923b88d3da,ENF,49,49,55,56,52,54,RU-Fyo,"{""type"":""Point"",""coordinates"":[32.9221,56.4615]}"
00005439ebbad8c25139,WET,52,52,55,56,54,55,DE-Spw,"{""type"":""Point"",""coordinates"":[14.033699999999993,51.892300000000006]}"
00006341baebb317ba66,GRA,58,58,59,60,58,59,DE-Gri,"{""type"":""Point"",""coordinates"":[13.5125,50.94950000000001]}"
0000c59070399f9f82ca,ENF,46,46,52,52,49,51,DE-Tha,"{""type"":""Point"",""coordinates"":[13.5669,50.96360000000001]}"
00005a022d44e9fa7688,CRO,57,57,58,59,57,58,DE-Kli,"{""type"":""Point"",""coordinates"":[13.522500000000003,50.89289999999999]}"
00004743c98d9ccf5874,ENF,50,50,54,55,52,53,DE-Obe,"{""type"":""Point"",""coordinates"":[13.7196,50.78360000000001]}"
00005d2e09d4b848e7f0,GRA,48,48,52,52,51,51,CZ-BK2,"{""type"":""Point"",""coordinates"":[18.542899999999992,49.494399999999985]}"
0000e03dab5bc5c9afa7,ENF,47,47,50,50,49,49,CZ-BK1,"{""type"":""Point"",""coordinates"":[18.536899999999996,49.5021]}"
0000f74742346a08555e,WET,57,57,61,62,58,60,CZ-wet,"{""type"":""Point"",""coordinates"":[14.770400000000002,49.024700000000024]}"
0000c08bf4eab338c151,ENF,63,63,66,66,65,65,DE-Lkb,"{""type"":""Point"",""coordinates"":[13.3047,49.0996]}"
0000220a99e14cfe3530,ENF,57,57,62,62,58,61,IT-Ren,"{""type"":""Point"",""coordinates"":[11.4337,46.5869]}"
0000de0c8b98ec1230e4,ENF,58,58,62,63,61,61,IT-Lav,"{""type"":""Point"",""coordinates"":[11.2813,45.95619999999999]}"
0000793d498812889f6e,ENF,60,60,63,64,62,62,IT-La2,"{""type"":""Point"",""coordinates"":[11.285299999999996,45.95419999999999]}"
00007c7e63578b8fef06,GRA,60,60,62,62,60,60,IT-MBo,"{""type"":""Point"",""coordinates"":[11.0458,46.01469999999999]}"
000020f23d98a22e342e,ENF,65,65,67,68,66,66,CH-Dav,"{""type"":""Point"",""coordinates"":[9.8559,46.815300000000015]}"
0000ab827b4b97df82b5,GRA,54,54,56,56,54,54,CH-Fru,"{""type"":""Point"",""coordinates"":[8.5378,47.1158]}"
0000572ae6076b36c1fa,DBF,62,62,63,65,62,62,IT-Isp,"{""type"":""Point"",""coordinates"":[8.633600000000001,45.81260000000001]}"
000060360cb68d0cd764,DBF,75,75,77,78,76,77,IT-PT1,"{""type"":""Point"",""coordinates"":[9.060999999999998,45.2009]}"
0000582e6f5d43f541f5,GRA,60,60,63,64,61,62,IT-Tor,"{""type"":""Point"",""coordinates"":[7.578100000000001,45.8444]}"
000091635ee99e7eb713,GRA,57,57,60,62,59,59,CH-Cha,"{""type"":""Point"",""coordinates"":[8.4104,47.21020000000001]}"
00003a2aa7b332e3372f,MF,53,53,55,56,55,55,CH-Lae,"{""type"":""Point"",""coordinates"":[8.365,47.4781]}"
00000ba6ffe8c2fb0aa5,GRA,59,59,60,61,59,60,CH-Oe1,"{""type"":""Point"",""coordinates"":[7.7318999999999996,47.28580000000001]}"
0000642b29a9c816147c,CRO,60,59,61,62,60,60,CH-Oe2,"{""type"":""Point"",""coordinates"":[7.7343,47.2863]}"
00006b5af119943a589d,GRA,62,61,64,64,63,63,AT-Neu,"{""type"":""Point"",""coordinates"":[11.317500000000003,47.1167]}"
0000e29037a86f513e07,WET,54,54,58,59,56,57,DE-SfN,"{""type"":""Point"",""coordinates"":[11.327499999999999,47.80639999999999]}"
0000f4066203536bd328,CRO,75,75,78,79,75,77,DE-Geb,"{""type"":""Point"",""coordinates"":[10.914299999999997,51.10009999999999]}"
00005d67a5126434b157,DBF,56,56,57,58,56,57,DE-Hai,"{""type"":""Point"",""coordinates"":[10.453,51.07919999999999]}"
000066ca029f8fe8f203,DBF,63,63,65,66,64,65,DE-Lnf,"{""type"":""Point"",""coordinates"":[10.3678,51.3282]}"
0000c736cafadf6bf164,WET,63,63,66,67,64,65,DE-Zrk,"{""type"":""Point"",""coordinates"":[12.889000000000005,53.87590000000001]}"
00002551eb7c80296d93,WET,61,61,64,65,62,62,DE-Akm,"{""type"":""Point"",""coordinates"":[13.683399999999999,53.866200000000006]}"
0000f75f973033a0fa3e,CRO,72,72,75,76,73,73,DE-Seh,"{""type"":""Point"",""coordinates"":[6.449699999999999,50.870599999999996]}"
0000c0a180e9df8d78d3,CRO,72,72,76,76,73,74,DE-RuS,"{""type"":""Point"",""coordinates"":[6.447199999999998,50.8659]}"
0000e372c23b7e81fd6d,GRA,55,54,55,55,54,55,DE-RuR,"{""type"":""Point"",""coordinates"":[6.304099999999998,50.621900000000004]}"
0000b7e64ac4316611aa,MF,47,47,50,51,49,50,BE-Vie,"{""type"":""Point"",""coordinates"":[5.9981,50.3051]}"
000026eed9451e24203f,CRO,67,68,70,70,68,68,BE-Lon,"{""type"":""Point"",""coordinates"":[4.7461,50.5516]}"
000097e0875290b4c12e,MF,49,49,50,50,49,49,BE-Bra,"{""type"":""Point"",""coordinates"":[4.5206,51.30919999999999]}"
000042258e3c23d135ba,GRA,64,64,66,66,65,65,NL-Hor,"{""type"":""Point"",""coordinates"":[5.0713,52.24040000000001]}"
00004252e9ac13ddc193,ENF,47,47,51,51,48,49,NL-Loo,"{""type"":""Point"",""coordinates"":[5.7436,52.16660000000001]}"
0000306ae99a60e3918c,DBF,58,58,60,62,58,59,FR-Fon,"{""type"":""Point"",""coordinates"":[2.7801,48.476400000000005]}"
0000258b62b8e910a650,CRO,72,72,74,74,72,74,FR-Gri,"{""type"":""Point"",""coordinates"":[1.9519000000000009,48.84420000000001]}"
000056102a95f24267a2,ENF,55,57,66,68,61,63,CA-Qfo,"{""type"":""Point"",""coordinates"":[-74.3421,49.69250000000001]}"
000033d3995f0857b43b,DBF,58,58,63,64,58,61,US-UMB,"{""type"":""Point"",""coordinates"":[-84.71379999999999,45.559799999999996]}"
00002b2d0d8f79366624,DBF,55,55,62,63,57,60,US-UMd,"{""type"":""Point"",""coordinates"":[-84.6975,45.5625]}"
0000873a17f6f1589464,MF,53,53,59,60,55,58,CA-Gro,"{""type"":""Point"",""coordinates"":[-82.1556,48.21670000000001]}"
000067ac7ba3f36dfb00,WET,58,58,61,63,60,60,US-Los,"{""type"":""Point"",""coordinates"":[-89.9792,46.082699999999996]}"
00008dc212e05c52a7c6,MF,46,46,51,53,49,50,US-Syv,"{""type"":""Point"",""coordinates"":[-89.3477,46.242]}"
00006e00d2ff5b2b4f20,WET,62,62,66,67,63,66,DK-NuF,"{""type"":""Point"",""coordinates"":[-51.3861,64.1308]}"
00006aca7a1c7bd01254,GRA,56,56,60,60,57,58,DK-ZaH,"{""type"":""Point"",""coordinates"":[-20.5503,74.4732]}"
0000bd056195f094a9a6,WET,58,58,64,64,61,63,DK-ZaF,"{""type"":""Point"",""coordinates"":[-20.5545,74.4814]}"
00005a3f69bef0a2f5c2,WET,46,47,56,58,48,52,US-Atq,"{""type"":""Point"",""coordinates"":[-157.4089,70.4696]}"
000010436e9072a9e8ee,WET,49,49,53,54,50,52,US-Ivo,"{""type"":""Point"",""coordinates"":[-155.7503,68.4865]}"
00002c76feee72c8d669,ENF,55,55,63,63,58,61,US-Prr,"{""type"":""Point"",""coordinates"":[-147.4876,65.1237]}"
0000ebeaf59c97689f4d,OSH,54,55,62,64,59,61,CA-NS7,"{""type"":""Point"",""coordinates"":[-99.9483,56.635799999999996]}"
0000eb23e4c0e40def3e,OSH,55,56,62,63,60,62,CA-NS6,"{""type"":""Point"",""coordinates"":[-98.96440000000001,55.91669999999999]}"
0000b504cdeec303fae2,ENF,56,59,66,67,61,64,CA-NS5,"{""type"":""Point"",""coordinates"":[-98.485,55.8631]}"
000080fb69cb754474fd,ENF,55,58,67,68,61,65,CA-NS2,"{""type"":""Point"",""coordinates"":[-98.52469999999998,55.905800000000006]}"
00002c7dfcfcb0b704a7,ENF,60,61,71,72,66,69,CA-Man,"{""type"":""Point"",""coordinates"":[-98.4808,55.879599999999996]}"
0000c5dab09538fccf55,ENF,61,62,71,73,67,70,CA-NS1,"{""type"":""Point"",""coordinates"":[-98.4839,55.8792]}"
0000aa9634e2b8594e87,ENF,54,55,63,65,60,61,CA-NS3,"{""type"":""Point"",""coordinates"":[-98.3822,55.9117]}"
000083e9aa696e6d4670,ENF,54,55,63,65,60,61,CA-NS4,"{""type"":""Point"",""coordinates"":[-98.3822,55.9117]}"
00000708105eb82a7aca,DBF,51,51,57,58,54,56,US-Wi1,"{""type"":""Point"",""coordinates"":[-91.2329,46.73049999999999]}"
0000022d806e1ebe05a8,DBF,51,51,56,57,53,56,US-Wi8,"{""type"":""Point"",""coordinates"":[-91.2524,46.72229999999999]}"
0000626435c28a573ca2,ENF,55,55,63,64,58,61,US-Wi4,"{""type"":""Point"",""coordinates"":[-91.1663,46.73930000000001]}"
0000f106e3d08138cdc1,ENF,50,51,57,59,54,56,US-Wi2,"{""type"":""Point"",""coordinates"":[-91.1528,46.68689999999999]}"
0000fde702292fa335cf,ENF,54,54,58,58,56,56,US-Wi0,"{""type"":""Point"",""coordinates"":[-91.08140000000002,46.6188]}"
0000987f9042382c8468,ENF,54,54,58,58,56,56,US-Wi9,"{""type"":""Point"",""coordinates"":[-91.08140000000002,46.6188]}"
0000432937447a2237b2,ENF,52,53,56,57,53,55,US-Wi5,"{""type"":""Point"",""coordinates"":[-91.0858,46.6531]}"
0000752dd4e5ab1eeba3,DBF,51,51,55,56,52,54,US-Wi3,"{""type"":""Point"",""coordinates"":[-91.09870000000001,46.634699999999995]}"
00001e01d85a26a4ab15,OSH,59,59,62,63,59,59,US-Wi7,"{""type"":""Point"",""coordinates"":[-91.06929999999998,46.64909999999999]}"
000060a47764a723ea95,MF,56,57,60,62,57,59,US-PFa,"{""type"":""Point"",""coordinates"":[-90.2723,45.94590000000002]}"
00007d6aac582f425edd,DBF,49,48,49,51,49,49,US-WCr,"{""type"":""Point"",""coordinates"":[-90.07990000000001,45.8059]}"
00007b529ca7f9bb5acc,OSH,62,63,68,69,64,67,US-Wi6,"{""type"":""Point"",""coordinates"":[-91.2982,46.6249]}"
0000e8e186cf25d95bad,ENF,63,65,69,71,66,67,CA-Obs,"{""type"":""Point"",""coordinates"":[-105.1178,53.9872]}"
00006511a2704b03a72a,OSH,56,57,62,63,58,60,CA-SF3,"{""type"":""Point"",""coordinates"":[-106.0053,54.0916]}"
00000d5545f64598a09b,ENF,58,58,62,63,58,60,CA-SF2,"{""type"":""Point"",""coordinates"":[-105.87750000000003,54.25390000000001]}"
000052662cd858c97e98,DBF,57,57,63,64,58,62,CA-Oas,"{""type"":""Point"",""coordinates"":[-106.1978,53.62890000000001]}"
0000477cec5885f965a3,ENF,56,56,62,64,59,61,CA-SF1,"{""type"":""Point"",""coordinates"":[-105.81760000000003,54.48499999999999]}"
000014878afffddafdfa,ENF,60,61,64,64,62,63,US-Me4,"{""type"":""Point"",""coordinates"":[-121.62239999999998,44.4992]}"
0000c4dc63c54b5f9f96,ENF,65,66,69,70,66,68,US-Me1,"{""type"":""Point"",""coordinates"":[-121.50000000000003,44.57939999999999]}"
0000cc436276923b2291,ENF,57,57,61,61,58,60,US-Me2,"{""type"":""Point"",""coordinates"":[-121.5574,44.4523]}"
00009b5afdd44d544605,ENF,55,56,58,58,57,57,US-Me5,"{""type"":""Point"",""coordinates"":[-121.56680000000001,44.4372]}"
000090ff4e3bc0cc1371,ENF,64,64,69,70,66,68,US-Me3,"{""type"":""Point"",""coordinates"":[-121.60780000000007,44.3154]}"
0000b1941e92645a7190,ENF,67,67,69,71,68,69,US-Me6,"{""type"":""Point"",""coordinates"":[-121.60780000000007,44.323299999999996]}"
00007a89d43998a80188,WET,62,63,69,71,65,67,RU-Che,"{""type"":""Point"",""coordinates"":[161.34139999999996,68.613]}"
000090adc2855accbaac,OSH,59,59,65,67,61,64,RU-Cok,"{""type"":""Point"",""coordinates"":[147.4943,70.8291]}"
0000d2b1f84641370fcb,GRA,66,66,71,72,66,70,RU-Tks,"{""type"":""Point"",""coordinates"":[128.8878,71.5943]}"
0000e4be63405d7c775c,GRA,61,62,68,71,64,66,RU-Sam,"{""type"":""Point"",""coordinates"":[126.4978,72.3733]}"
0000eca2159f7eb9994f,DNF,64,65,71,72,67,70,RU-SkP,"{""type"":""Point"",""coordinates"":[129.168,62.254999999999995]}"
0000b04a29e23c18b9c6,GRA,70,70,73,74,71,72,RU-Ha1,"{""type"":""Point"",""coordinates"":[90.0022,54.725200000000015]}"
000002aee1e1303d4d79,GRA,80,80,81,82,80,81,CN-Du3,"{""type"":""Point"",""coordinates"":[116.28090000000005,42.0551]}"
000044409fccd4fcd0de,GRA,81,81,82,83,81,82,CN-Du2,"{""type"":""Point"",""coordinates"":[116.28360000000004,42.0467]}"
00001db64f97bf4c59d5,MF,56,56,60,60,56,58,CN-Cha,"{""type"":""Point"",""coordinates"":[128.0958,42.4025]}"
0000200a68a43e48cf9e,GRA,83,83,85,87,84,85,CN-Cng,"{""type"":""Point"",""coordinates"":[123.50919999999999,44.5934]}"
00009583467828c3d1f3,DBF,49,49,52,53,50,52,JP-MBF,"{""type"":""Point"",""coordinates"":[142.3186,44.3869]}"
0000c35b3591338403d8,MF,61,61,61,62,61,61,JP-SMF,"{""type"":""Point"",""coordinates"":[137.0788,35.26169999999999]}"
000083ef7e50a5f2996a,EBF,48,48,50,50,48,49,AU-Rob,"{""type"":""Point"",""coordinates"":[145.6301,-17.117499999999993]}"
0000c7131a6e1c7dc052,SAV,75,75,79,79,76,78,AU-Cpr,"{""type"":""Point"",""coordinates"":[140.5891,-34.0021]}"
000084d60abea8a3c946,DBF,70,70,76,77,71,73,AU-Lox,"{""type"":""Point"",""coordinates"":[140.6551,-34.4704]}"
00005d1ac8d484892293,EBF,51,51,53,54,52,53,AU-Wom,"{""type"":""Point"",""coordinates"":[144.0944,-37.4222]}"
00000ac82d766475c115,EBF,52,51,53,53,52,52,AU-Wac,"{""type"":""Point"",""coordinates"":[145.1878,-37.4259]}"
00001b398b6896bf1311,EBF,66,65,69,70,67,69,AU-Whr,"{""type"":""Point"",""coordinates"":[145.0294,-36.6732]}"
0000aa12643ab376d045,EBF,64,64,65,65,64,65,AU-Cum,"{""type"":""Point"",""coordinates"":[150.7225,-33.6133]}"
0000531579d743d37f22,GRA,70,71,77,78,72,76,AU-Ync,"{""type"":""Point"",""coordinates"":[146.2907,-34.9893]}"
000096c2a3b630cbc166,EBF,52,52,51,52,52,51,AU-Tum,"{""type"":""Point"",""coordinates"":[148.1517,-35.65659999999998]}"
0000fef440029bfce5ee,GRA,62,62,67,68,64,66,AU-Rig,"{""type"":""Point"",""coordinates"":[145.57589999999996,-36.6499]}"
00009753883915d787c9,GRA,77,77,83,84,80,82,AU-Emr,"{""type"":""Point"",""coordinates"":[148.4746,-23.8587]}"
00007f2e43d8df237e7b,WET,70,70,72,72,71,71,US-Myb,"{""type"":""Point"",""coordinates"":[-121.76509999999999,38.0498]}"
0000a0f700b7b4e19582,CRO,73,73,79,79,74,78,US-Twt,"{""type"":""Point"",""coordinates"":[-121.65300000000002,38.1087]}"
000025378c1f17e380a0,CRO,73,73,79,80,75,79,US-Tw3,"{""type"":""Point"",""coordinates"":[-121.6467,38.1159]}"
0000eacddb8dad28d0a4,CRO,73,73,78,79,75,78,US-Tw2,"{""type"":""Point"",""coordinates"":[-121.64329999999998,38.1047]}"
000035be9942c6c4eb39,WET,74,74,79,79,75,78,US-Tw1,"{""type"":""Point"",""coordinates"":[-121.64690000000002,38.1074]}"
00004700406bc4231d0e,WET,73,73,78,78,74,77,US-Tw4,"{""type"":""Point"",""coordinates"":[-121.6414,38.103]}"
0000981f289943bc12db,CRO,79,79,82,82,79,81,US-Lin,"{""type"":""Point"",""coordinates"":[-119.84230000000001,36.3566]}"
000030828eadb305ce97,ENF,59,58,60,61,59,60,US-Blo,"{""type"":""Point"",""coordinates"":[-120.6328,38.8953]}"
0000b24631442ade5b34,GRA,73,73,76,77,74,75,US-Var,"{""type"":""Point"",""coordinates"":[-120.9507,38.41330000000001]}"
0000284eb6edc818db7b,WSA,68,68,71,71,69,70,US-Ton,"{""type"":""Point"",""coordinates"":[-120.96600000000002,38.431599999999996]}"
0000661d9dc11b3552e4,OSH,74,74,77,77,75,76,US-SRC,"{""type"":""Point"",""coordinates"":[-110.8395,31.908300000000008]}"
0000dc659a4bc464d935,WSA,74,74,77,77,75,76,US-SRM,"{""type"":""Point"",""coordinates"":[-110.86610000000002,31.8214]}"
00004823a2bfc7474b1b,GRA,73,73,76,76,74,75,US-SRG,"{""type"":""Point"",""coordinates"":[-110.82770000000002,31.789400000000008]}"
00002f1105c7a6945a0d,OSH,72,72,76,77,74,75,US-Whs,"{""type"":""Point"",""coordinates"":[-110.05220000000001,31.74380000000001]}"
00008100a44fd2e75363,GRA,70,70,74,74,71,73,US-Wkg,"{""type"":""Point"",""coordinates"":[-109.94190000000003,31.7365]}"
00000f7de506e779ede0,GRA,79,79,82,83,79,81,US-Cop,"{""type"":""Point"",""coordinates"":[-109.39000000000003,38.08999999999999]}"
0000793ce8039486bd6d,OSH,78,78,80,81,79,80,US-Sta,"{""type"":""Point"",""coordinates"":[-106.8024,41.3966]}"
00007869346c88fae64b,ENF,56,56,59,60,56,58,US-GBT,"{""type"":""Point"",""coordinates"":[-106.2397,41.365800000000014]}"
00005822fb12f49c74d1,ENF,54,53,56,57,54,55,US-GLE,"{""type"":""Point"",""coordinates"":[-106.23989999999999,41.3665]}"
000030032be5a1ed12e6,ENF,56,55,57,58,55,56,US-NR1,"{""type"":""Point"",""coordinates"":[-105.54640000000002,40.032900000000005]}"
0000f7d98fc0c4040ac9,CRO,65,65,69,71,65,67,US-Ne1,"{""type"":""Point"",""coordinates"":[-96.4766,41.1651]}"
0000e10679afad3f4761,CRO,62,62,67,70,62,64,US-Ne2,"{""type"":""Point"",""coordinates"":[-96.47010000000002,41.16490000000001]}"
00007c0ee3f8ddbf869d,CRO,66,66,70,72,66,68,US-Ne3,"{""type"":""Point"",""coordinates"":[-96.4397,41.17969999999999]}"
0000e86f13c0ce8f2dc3,GRA,77,77,82,81,78,80,US-AR2,"{""type"":""Point"",""coordinates"":[-99.59750000000001,36.6358]}"
000080af4f8f907cc6f9,GRA,74,74,76,77,74,75,US-AR1,"{""type"":""Point"",""coordinates"":[-99.42000000000003,36.42670000000001]}"
00001dd83bec340e887b,GRA,70,70,73,75,70,73,US-LWW,"{""type"":""Point"",""coordinates"":[-97.97889999999998,34.96040000000001]}"
00000cff3a4a9ccca1c8,GRA,64,64,67,68,64,65,US-ARb,"{""type"":""Point"",""coordinates"":[-98.0402,35.5497]}"
0000fb674a3a95f35a1b,GRA,65,65,67,68,65,66,US-ARc,"{""type"":""Point"",""coordinates"":[-98.04000000000002,35.5465]}"
0000fb74a73853e47faa,CRO,71,71,73,73,71,73,US-ARM,"{""type"":""Point"",""coordinates"":[-97.48880000000001,36.6058]}"
000056102756d31d1129,GRA,62,61,63,68,59,60,US-IB2,"{""type"":""Point"",""coordinates"":[-88.24099999999999,41.8406]}"
00002835054df40641d7,ENF,50,51,53,55,51,52,CA-TP4,"{""type"":""Point"",""coordinates"":[-80.3574,42.71020000000001]}"
00003588e2f23330ad38,ENF,54,54,57,59,55,56,CA-TP3,"{""type"":""Point"",""coordinates"":[-80.3483,42.7068]}"
0000f61b86d516990066,ENF,61,61,67,69,62,64,CA-TP2,"{""type"":""Point"",""coordinates"":[-80.4588,42.7744]}"
00006d179be677a12de8,ENF,61,61,67,68,61,63,CA-TP1,"{""type"":""Point"",""coordinates"":[-80.55950000000001,42.660900000000005]}"
000059cccbb0254ff5fa,DBF,62,62,67,69,62,63,CA-TPD,"{""type"":""Point"",""coordinates"":[-80.5577,42.6353]}"
0000682e96f8077ea41e,WET,59,59,62,64,60,61,US-ORv,"{""type"":""Point"",""coordinates"":[-83.0183,40.020100000000006]}"
00000ff766f2eb768032,CRO,65,65,70,72,65,68,US-CRT,"{""type"":""Point"",""coordinates"":[-83.3471,41.6285]}"
000068f0f9c83a243109,WET,55,55,60,60,56,59,US-WPT,"{""type"":""Point"",""coordinates"":[-82.9962,41.46459999999999]}"
000002ab805c65fd35f0,DBF,58,57,62,65,57,58,US-Oho,"{""type"":""Point"",""coordinates"":[-83.8438,41.554500000000004]}"
0000618f02a3af193d09,DBF,52,51,51,52,51,50,US-MMS,"{""type"":""Point"",""coordinates"":[-86.4131,39.3232]}"
00004cf62fe23fb6ce76,GRA,52,51,52,54,50,51,US-Goo,"{""type"":""Point"",""coordinates"":[-89.8735,34.25470000000001]}"
00006652e207827bba3e,ENF,53,53,55,56,53,55,US-KS1,"{""type"":""Point"",""coordinates"":[-80.6709,28.4583]}"
0000fdbedd108973f707,CSH,58,59,63,63,62,62,US-KS2,"{""type"":""Point"",""coordinates"":[-80.6715,28.608600000000003]}"
00008d87a079823e73d8,DBF,44,45,48,50,47,48,US-Ha1,"{""type"":""Point"",""coordinates"":[-72.17150000000001,42.5378]}"
0000010a375a70902d46,EBF,44,44,48,48,45,47,GF-Guy,"{""type"":""Point"",""coordinates"":[-52.9249,5.2787999999999995]}"
00007b286f00cf543892,GRA,55,55,56,56,55,56,PA-SPs,"{""type"":""Point"",""coordinates"":[-79.6314,9.3138]}"
0000594c8a4a402bee09,DBF,58,58,58,58,58,58,PA-SPn,"{""type"":""Point"",""coordinates"":[-79.6346,9.3181]}"
00003d562295c229fd04,EBF,43,43,45,46,44,45,BR-Sa3,"{""type"":""Point"",""coordinates"":[-54.9714,-3.018]}"
000073efd6338a23d2b6,EBF,43,43,46,46,43,45,BR-Sa1,"{""type"":""Point"",""coordinates"":[-54.95889999999998,-2.8566999999999996]}"
0000aad3c8be618e2dec,ENF,44,44,49,50,48,48,AR-Vir,"{""type"":""Point"",""coordinates"":[-56.1886,-28.2395]}"
000034845f790def9e53,MF,76,77,81,81,78,80,AR-SLu,"{""type"":""Point"",""coordinates"":[-66.4598,-33.4648]}"
